<?xml version="1.0" encoding="UTF-8"?>
<!DOCTYPE mapper PUBLIC "-//mybatis.org//DTD Mapper 3.0//EN" "http://mybatis.org/dtd/mybatis-3-mapper.dtd">
<mapper namespace="com.wdd.studentmanager.mapper.ElectiveMapper">

    <resultMap type="com.wdd.studentmanager.domain.CourtsGoal" id="CourtsGoalInfo">
        <result column="id" property="id"/>
        <result column="student_id" property="studentId"/>
        <result column="course_id" property="courseId"/>
        <result column="goal" property="goal"/>
    </resultMap>


    <select id="selectByStuAndCourseId"  resultType="Integer" >
        select goal from s_elective
        <where>
            student_id = #{studentid}
            and course_id =#{courseid}
        </where>
    </select>

    <select id="selectByStu"  resultType="Integer" >
        select goal from s_elective
        <where>
            student_id = #{studentid}
            LIMIT 1
        </where>
    </select>



    <select id="getAllBySid" parameterType="int" resultMap="CourtsGoalInfo" >
        select * from s_elective
        where student_id = #{studentid}
    </select>
</mapper>