<?xml version="1.0" encoding="UTF-8"?>
<!DOCTYPE mapper PUBLIC "-//mybatis.org//DTD Mapper 3.0//EN" "http://mybatis.org/dtd/mybatis-3-mapper.dtd">
<mapper namespace="com.wdd.studentmanager.mapper.StudenetMapper">

    <resultMap type="com.wdd.studentmanager.domain.Student" id="StudentInfo">
        <result column="id" property="id"/>
        <result column="sn" property="sn"/>
        <result column="username" property="username"/>
        <result column="password" property="password"/>
        <result column="clazz_id" property="clazzId"/>
        <result column="sex" property="sex"/>
        <result column="mobile" property="mobile"/>
        <result column="qq" property="qq"/>
        <result column="photo" property="photo"/>
    </resultMap>

    <select id="queryList" resultMap="StudentInfo" >

        SELECT *
        from s_student
        <where>
            <if test="username!=null"> and s_student.username LIKE concat("%",#{username},"%") </if>
            <if test="clazzid!=null"> and s_student.clazz_id LIKE concat("%",#{clazzid},"%") </if>
            <if test="studentid!=null"> and s_student.id = #{studentid} </if>
            <if test="teacherid!=null"> and id  in (SELECT student_id  from `s_selected_course` where course_id = (select id from s_course where teacher_id = #{teacherid}))  </if>


        </where>
        limit #{startIndex},#{pagesize}
    </select>


    <select id="queryCount" resultType="int" >
        select count(*) from s_student
        <where>
            <if test="username!=null"> and username LIKE concat("%",#{username},"%") </if>
            <if test="clazzid!=null"> and clazz_id LIKE concat("%",#{clazzid},"%") </if>
            <if test="studentid!=null"> and id = #{studentid} </if>
        </where>
    </select>

    <insert id="addStudent" parameterType="Student">
        insert into s_student(sn,username,password,clazz_id,sex,mobile,qq,photo)
        values(#{sn},#{username},#{password},#{clazzId},#{sex},#{mobile},#{qq},#{photo})
    </insert>

    <delete id="deleteStudent" parameterType="java.util.ArrayList">
        delete from s_student
        <where>
            id in
            <foreach collection="list" open="(" close=")" separator="," item="id">
                #{id}
            </foreach>
        </where>
    </delete>

    <update id="editStudent" parameterType="Student">
        update s_student
        <set>
            <if test="username != null">
                username = #{username},
            </if>
            <if test="clazzId != null">
                clazz_id = #{clazzId},
            </if>
            <if test="sex != null">
                sex = #{sex},
            </if>
            <if test="mobile != null">
                mobile = #{mobile},
            </if>
            <if test="qq != null">
                qq = #{qq},
            </if>
            <if test="photo != null">
                photo = #{photo},
            </if>
        </set>
        where id = #{id}
    </update>


    <select id="findById" parameterType="int" resultType="Student">
        select * from s_student where id = #{sid}
    </select>

    <select id="findByStudent" parameterType="Student" resultType="Student">
        select * from s_student where username = #{username} and password = #{password}
    </select>

    <select id="isStudentByClazzId" parameterType="int" resultMap="StudentInfo">
        select * from s_student where clazz_id = #{id}
    </select>

    <update id="editPswdByStudent" parameterType="Student">
        update  s_student set password = #{password} where id = #{id}
    </update>

    <select id="findByName" parameterType="java.lang.String" resultType="int">
        select id from s_student where username = #{name}
    </select>

    <select id="selectAllStudent" resultMap="StudentInfo" >

        SELECT * from s_student
    </select>

</mapper>